institution_clean,count_unmatched_rows
university of california,250
new york university,99
university of illinois urbanachampaign,67
university of texas,51
suny stony brook,41
stony brook university,37
university of illinois,35
virginia tech,35
rutgers university,28
ecole polytechnique federale de lausanne epfl,28
cornell tech,23
university of illinois urbana,23
indiana university,23
suny buffalo,22
university of maryland,17
ohio state university,16
university of maryland global campus,14
santa clara university,14
buffalo state university,14
umassamherst,12
university of michigan ann arbor,12
university of san diego,12
university of georgia,12
cmu,11
the university of british columbia,11
amherst college,11
utah state university,11
nc state university,11
tamu,10
university of illinois at urbanachampaign uiuc,10
san jose state university,9
rochester institute of technology,9
university of maryland college park umd,9
clemson university,9
new jersey institute of technology,9
columbia ffseas,8
university of illinois urbanachampaign uiuc,8
uc san diego ucsd,8
park university,8
university of minnesota,8
university of californiariverside,8
university of illinois chicago uic,7
nyu poly,7
northeastern university neu,7
north carolina state university ncsu,6
california state university,6
san jose state university sjsu,6
gatech,6
davis college,6
university of north carolina at chapel hill,6
brandeis university,6
university of illinois urbana champaign uiuc,6
carnegie mellon,6
washington university in st louis washuwustl,6
university of british columbia ubc,6
ithaca college,5
ohio state university osu,5
university of texas at arlington,5
mila university,5
university of michigan,5
ohio university,5
university at buffalo,5
university of california ucsc,5
illinois state university,5
university of massachusetts,5
courant institute of mathematical sciences,5
michigan technological university,5
university of massachusetts amherst umass,5
texas college,5
university of kansas,5
columbia college,5
rensselaer polytechnic institute rpi,4
university of maryland baltimore,4
university of western ontario,4
ottawa universityottawa,4
university of minnesota twin cities umn,4
university of wisconsin ,4
university at buffalo state university of new york,4
san diego state university,4
austin college,4
stanford univerisity,4
university of arizona,4
texas am universitycentral texas,4
university of alberta u of a,4
national university of singapore,4
purdue university west lafayette,4
simon fraser university sfu,4
university of san francisco,3
the university of toronto,3
illinois institute of technology iit,3
university of illinois chicago,3
university of illinois uiuc,3
university of north carolina unc,3
texas a m university,3
unc charlotte,3
university of florida ufl,3
university of florida gainesville,3
university of virginia uva,3
cornell ithaca,3
texas a m university tamu,3
ucb,3
ohio state universitymain campus,3
san francisco state university,3
yale graduate school of arts and sciences,3
jhu,3
binghamton university,3
tamu college station,3
technical university of munich tum,3
politecnico di milano polimi,2
courant institute new york univesity nyu,2
university of minnesota umn,2
gatech georgia tech,2
universiry of alberta,2
gwu,2
university of north carolina chapel hill unc,2
kent state university,2
university of illinois urbana champaignuiuc,2
university of washington bothell,2
texas state university,2
university of california riverside ucr,2
north carolina state university raleigh,2
king abdullah university of science and technology,2
alberta,2
university of new mexico,2
kaust,2
texas am tamu,2
university of utah uou,2
iit,2
state university of new york at stony brook,2
west virginia university,2
wright state university,2
sunybuffalo,2
university of illinois at urbana champaigne uiuc,2
new mexico state university,2
fordham university,2
iup,2
ottawa university,2
colorado school of mines,2
eth,2
university of waterloo canada,2
penn state harrisburg,2
university of central florida ucf,2
seattle university,2
asu,2
texas tech university ttu lubbock texas,2
university of illinois at chicago,2
 university of california berkeley ucb,2
college of william mary,2
university college london,2
penn state psu university park,2
loyola university chicago,2
north dakota state university,2
oklahoma state university,2
ubc,2
uic,2
national university,2
university of washington seattle,2
univeraity of virginia uva,2
portland state university,2
purdue university northwest,2
sfu,2
penn state univpsu university park,2
university of edinburgh,2
penn state pennsylvania state university,2
university of illinois urbana champagne uiuc,2
the university of virginia uva,2
leland stanford junior university,2
ohio universitymain campus,2
northeaster university,2
university of western ontario uwo,2
new york university courant,2
university of colorado boulder cu boulder,2
depaul university,2
nyu tandon school of engineering,2
rutgers new brunswick,2
pennsylvania state university university park,2
u mass amherst,2
the university of alabama in huntsville,1
colorado technical university,1
university of illinois at urbanachampaignuiuc,1
illinois urbana champain uiuc,1
north carolina sate university ncsu,1
university of missouri,1
nyu gsas,1
new york institute of technology,1
university if toronto,1
universtiry of california san diego,1
southern illinois universityedwardsville,1
calgary,1
university of south dakota,1
chinese university of hong kong cuhk,1
university of central felorida,1
miami university,1
umich ann arbor,1
university of floridaufl,1
university of maryland college park umcp,1
university of science and arts of oklahoma,1
bangladesh university of engineering and technology buet,1
california state polytechnic university,1
purdue universitywest lafayette,1
state university of new yorkbuffalo,1
university of georgia athens,1
indiana university bloomington iub,1
northwestern universirty,1
 university of california berkeley ucb ,1
university of tennessee,1
northeaster university seattle campus,1
eastern university,1
epfl cole polytechnique fdrale de lausanne,1
san jose state sjsu,1
cmu lti mlt,1
uci,1
bu,1
cmu lti,1
university of virginia charlottesville,1
new york university nyu tandon school of engineering,1
university of pennsylvania computer information science,1
 eth zurich,1
university of michigan ann abor,1
umass,1
university of arizona tucson az,1
renssalear polytechnic institute rpi,1
northeastern university prc,1
illinoisurbana champaign uiuc,1
university of marylandity of maryland college park,1
university of illinois champion uiuc,1
university of minnesota twin cities campus,1
ohio state university columbus,1
university of california santa diego ucsd,1
king abullah university of science and technology kaust,1
oregon state university corvallis,1
texas a and m tamu,1
ut arlington,1
ncsu north carolina state university,1
madison area technical college,1
pennsylvania state universitypsu,1
california institute of technology,1
ohiostate university,1
the pennsylvania state university,1
vanderbilt,1
university of illinois urbanachampagne,1
iniversity of illinois chicago,1
virginia university,1
univeresity of wisconsin ,1
unm,1
hopkins,1
eastern kentucky university,1
mila quebec,1
texas am universitykingsville,1
university of massachuetts amherst,1
university of british columbia ubc okanagan campus,1
university of missourist louis,1
university of california san deigo,1
austin peay state university,1
oregon state,1
metropolitan state university,1
university of columbia ffseas,1
university of central missouri,1
rice universiry,1
university of california merced,1
u michigan,1
university at albany state university of new york,1
yale gasa gasa,1
university of florida gainesville ufl,1
osu,1
queens university ontario,1
cambridge college,1
john hopkins university,1
rutgers state university of new jersey new brunswick,1
computer science university of illinois urbanachampaign uiuc,1
new mexico institute of mining and technology,1
brite divinity school,1
uncchapel hill,1
toronto,1
umich,1
university of colorado denver,1
u penn,1
university of liberal arts bangladesh,1
university of massachusetts lowell,1
university of north texas unt,1
mila udem,1
kennesaw state university,1
university of nebraska at omaha,1
virginia,1
bits pilani,1
sri manakula vinayagar engineering college,1
bishops university,1
neu,1
university of california san diegonia,1
university of north florida,1
atomic energy central school,1
villanova university,1
university of cambridge uk,1
the state university of new york stony brook,1
george washington university gwu,1
stevens institute of technology sit,1
louisville,1
university of arkansas fayetteville,1
northeastern university nu,1
university of texas arlington,1
imperial college of london,1
john hopkins university jhu,1
university of california los angeles ucla,1
ubc university of british columbia,1
mpstme nmims university,1
john hopkins information security institute isi,1
illinois institute of technology iit chicago,1
suny stony brook university,1
university of stuttgart,1
university of colorado,1
university of alabama,1
ottawa,1
concordia college,1
iit chicago,1
albany state university,1
university of massachusetts dartmouth,1
technische universitt mnchen tum,1
usc,1
university of california los angeles,1
rit,1
mcgil,1
usc viterbi school of enginering,1
northwestern universituy,1
cmu mcds,1
nyu courant gsas,1
university of minnesota twin citites,1
the city college of new york,1
saint louis university,1
university of washington tacoma,1
university of massachussetts amherst,1
athens state university,1
tamkang university,1
university of mumbai,1
university of minnesota duluth,1
north carolina at state university,1
clarkson university,1
university of washingtonbothell campus,1
university of zurich uzh,1
wichita state university,1
northern illinois university niu,1
trinity college,1
dartmouth,1
rpi,1
san diego state university sdsu,1
sophia secondary school,1
masdar institute of science and technology,1
sunystony brook university,1
texas a,1
uc riverside,1
stony brook universitysuny,1
ffseas,1
cambridge university,1
university of north carolina charlotte uncc,1
university of california santa barbara,1
umass amherst university of massachusetts amherst,1
university of massachusettchusetts amherst,1
university of vermont,1
the university of north carolina at chapel hill unc,1
university of california davis ucdavis,1
the university of alberta,1
university of texas at dallasutd,1
university of massachusettes amherst,1
university of utah salt lake city,1
illinois at urbana champaign,1
university of california davis ucd,1
university of north carolina unc charlotte,1
the ohio state university osu,1
new york univerity,1
polytechnic institutenyu,1
nyu polytechnic,1
t am u,1
texas am university tamu college station,1
stony brook university sunysb,1
the state university of new york at buffalo,1
university of california davis uc davis,1
indian institute of technology guwahati,1
university of massachusettsumass,1
university of north carolina at charlotte uncc,1
texas am universitytamu,1
uncch,1
university of utah salt lake,1
north eastern university,1
western ontario,1
university college london ucl,1
iupui,1
university of missouri kansas city,1
syracuse univ,1
tamuk,1
univerisity of illinois at urbana champaign,1
tu munich,1
brock university,1
university of north dakota,1
university of denver,1
state university of new york buffalo suny,1
university of california at san diego ucsd,1
ohio state osu,1
university of texas dallas utd,1
university of delaware udel,1
iit jodhpur,1
north calorina state university,1
texas a m tamu,1
baylor,1
university of texas at atlington,1
george mason university gmu,1
san francisco state university sfsu,1
cambridge,1
cusa,1
montreal institute for learning algorithms,1
